category_id,category,vendor,slug,domain,named_count,base
"construction-project-management","Construction project management software","Procore","procore","procore.com","109","150"
"construction-project-management","Construction project management software","Buildertrend","buildertrend","buildertrend.com","83","150"
"construction-project-management","Construction project management software","Contractor Foreman","contractor-foreman","contractorforeman.com","77","150"
"construction-project-management","Construction project management software","Fieldwire","fieldwire","fieldwire.com","57","150"
"construction-project-management","Construction project management software","JobTread","jobtread","jobtread.com","50","150"
"dealership-management-systems","Dealership management systems","CDK Global","cdk-global","cdkglobal.com","90","150"
"dealership-management-systems","Dealership management systems","DealerCenter","dealercenter","dealercenter.com","79","150"
"dealership-management-systems","Dealership management systems","Tekion","tekion","tekion.com","76","150"
"dealership-management-systems","Dealership management systems","Dealertrack","dealertrack","dealertrack.com","67","150"
"dealership-management-systems","Dealership management systems","Frazer","frazer","frazer.com","59","150"
"dental-practice-management","Dental practice management software","Dentrix","dentrix","dentrix.com","120","149"
"dental-practice-management","Dental practice management software","Open Dental","open-dental","opendental.com","118","149"
"dental-practice-management","Dental practice management software","Curve Dental","curve-dental","curvedental.com","115","149"
"dental-practice-management","Dental practice management software","Dentrix Ascend","dentrix-ascend","dentrixascend.com","97","149"
"dental-practice-management","Dental practice management software","Eaglesoft","eaglesoft","eaglesoft.net","69","149"
"field-service-management","Field service management software","Housecall Pro","housecall-pro","housecallpro.com","108","150"
"field-service-management","Field service management software","ServiceTitan","servicetitan","servicetitan.com","102","150"
"field-service-management","Field service management software","Workiz","workiz","workiz.com","58","150"
"field-service-management","Field service management software","FieldPulse","fieldpulse","fieldpulse.com","57","150"
"field-service-management","Field service management software","Jobber","jobber","getjobber.com","50","150"
"hotel-property-management","Hotel property management software","Cloudbeds","cloudbeds","cloudbeds.com","115","149"
"hotel-property-management","Hotel property management software","Stayntouch","stayntouch","stayntouch.com","68","149"
"hotel-property-management","Hotel property management software","Little Hotelier","little-hotelier","littlehotelier.com","51","149"
"hotel-property-management","Hotel property management software","Mews","mews","mews.com","48","149"
"hotel-property-management","Hotel property management software","Maestro PMS","maestro-pms","maestropms.com","43","149"
"insurance-agency-management","Insurance agency management systems","Applied Systems","applied-systems","appliedsystems.com","127","150"
"insurance-agency-management","Insurance agency management systems","EZLynx","ezlynx","ezlynx.com","111","150"
"insurance-agency-management","Insurance agency management systems","HawkSoft","hawksoft","hawksoft.com","97","150"
"insurance-agency-management","Insurance agency management systems","Vertafore","vertafore","vertafore.com","92","150"
"insurance-agency-management","Insurance agency management systems","NowCerts","nowcerts","nowcerts.com","48","150"
"legal-practice-management","Legal practice management software","Clio","clio","clio.com","126","150"
"legal-practice-management","Legal practice management software","8am MyCase","8am-mycase","mycase.com","96","150"
"legal-practice-management","Legal practice management software","CosmoLex","cosmolex","cosmolex.com","77","150"
"legal-practice-management","Legal practice management software","PracticePanther","practicepanther","practicepanther.com","76","150"
"legal-practice-management","Legal practice management software","Filevine","filevine","filevine.com","74","150"
"loan-origination-software","Loan origination and lending software","nCino","ncino","ncino.com","92","150"
"loan-origination-software","Loan origination and lending software","MeridianLink","meridianlink","meridianlink.com","81","150"
"loan-origination-software","Loan origination and lending software","ICE Mortgage Technology","ice-mortgage-technology","icemortgagetechnology.com","62","150"
"loan-origination-software","Loan origination and lending software","Abrigo","abrigo","abrigo.com","50","150"
"loan-origination-software","Loan origination and lending software","Baker Hill","baker-hill","bakerhill.com","36","150"
"radiology-medical-imaging","Radiology and medical imaging software","Sectra","sectra","sectra.com","87","150"
"radiology-medical-imaging","Radiology and medical imaging software","Intelerad","intelerad","intelerad.com","80","150"
"radiology-medical-imaging","Radiology and medical imaging software","Visage Imaging","visage-imaging","visageimaging.com","65","150"
"radiology-medical-imaging","Radiology and medical imaging software","Fujifilm (Synapse)","fujifilm-synapse","fujifilm.com","51","150"
"radiology-medical-imaging","Radiology and medical imaging software","RamSoft","ramsoft","ramsoft.com","46","150"
"residential-property-management","Residential property management software","Buildium","buildium","buildium.com","119","148"
"residential-property-management","Residential property management software","AppFolio","appfolio","appfolio.com","95","148"
"residential-property-management","Residential property management software","DoorLoop","doorloop","doorloop.com","77","148"
"residential-property-management","Residential property management software","Yardi","yardi","yardi.com","71","148"
"residential-property-management","Residential property management software","Innago","innago","innago.com","41","148"
"transportation-management-systems","Transportation management systems","AscendTMS","ascendtms","ascendtms.com","64","150"
"transportation-management-systems","Transportation management systems","Alvys","alvys","alvys.com","58","150"
"transportation-management-systems","Transportation management systems","Oracle Transportation Management","oracle-transportation-management","oracle.com","43","150"
"transportation-management-systems","Transportation management systems","Tai TMS","tai-tms","taisoftware.com","39","150"
"transportation-management-systems","Transportation management systems","SAP Transportation Management","sap-transportation-management","sap.com","38","150"
"veterinary-practice-management","Veterinary practice management software","ezyVet","ezyvet","ezyvet.com","115","149"
"veterinary-practice-management","Veterinary practice management software","IDEXX (Cornerstone, Neo)","idexx-cornerstone-neo","idexx.com","90","149"
"veterinary-practice-management","Veterinary practice management software","Digitail","digitail","digitail.io","67","149"
"veterinary-practice-management","Veterinary practice management software","DaySmart Vet","daysmart-vet","daysmart.com","57","149"
"veterinary-practice-management","Veterinary practice management software","Shepherd","shepherd","shepherd.vet","56","149"
"crm","CRM","HubSpot CRM","hubspot-crm","hubspot.com","113","150"
"crm","CRM","Salesforce Sales Cloud","salesforce-sales-cloud","salesforce.com","109","150"
"crm","CRM","Pipedrive","pipedrive","pipedrive.com","97","150"
"crm","CRM","Zoho CRM","zoho-crm","zoho.com","73","150"
"crm","CRM","Microsoft Dynamics 365","microsoft-dynamics-365","microsoft.com","36","150"
"project_management","Project management","Asana","asana","asana.com","97","150"
"project_management","Project management","ClickUp","clickup","clickup.com","80","150"
"project_management","Project management","Jira","jira","atlassian.com","63","150"
"project_management","Project management","Wrike","wrike","wrike.com","54","150"
"project_management","Project management","Smartsheet","smartsheet","smartsheet.com","54","150"
