category_id,category,vendors,statements,true,wrong,stale,unverifiable,wrong_or_stale_pct,wrong_or_stale_low,wrong_or_stale_high,answers_with_wrong_or_stale,answers,median_statements,median_true,median_wrong,median_stale,median_unverifiable,median_wrong_or_stale
"construction-project-management","Construction project management software","5","217","138","9","0","70","6.1","3.3","11.2","12","376","33","29","2","0","2","2"
"dealership-management-systems","Dealership management systems","5","272","184","11","0","77","5.6","3.2","9.8","14","371","50","32","2","0","11","2"
"dental-practice-management","Dental practice management software","5","221","145","13","4","59","10.5","6.7","16.2","22","519","41","24","1","0","10","1"
"field-service-management","Field service management software","5","241","166","5","0","70","2.9","1.3","6.7","7","375","41","29","1","0","10","1"
"hotel-property-management","Hotel property management software","5","153","119","2","0","32","1.7","0.5","5.8","6","325","31","26","0","0","7","0"
"insurance-agency-management","Insurance agency management systems","5","244","139","6","0","99","4.1","1.9","8.7","8","475","46","22","1","0","21","1"
"legal-practice-management","Legal practice management software","5","300","149","34","0","117","18.6","13.6","24.8","50","449","38","21","7","0","7","7"
"loan-origination-software","Loan origination and lending software","5","111","69","0","1","41","1.4","0.3","7.7","1","321","23","8","0","0","8","0"
"radiology-medical-imaging","Radiology and medical imaging software","5","146","110","0","0","36","0","0","3.4","0","329","30","24","0","0","7","0"
"residential-property-management","Residential property management software","5","377","261","15","0","101","5.4","3.3","8.8","20","403","86","52","3","0","11","3"
"transportation-management-systems","Transportation management systems","5","159","106","4","0","49","3.6","1.4","9","5","242","15","10","0","0","11","0"
"veterinary-practice-management","Veterinary practice management software","5","247","164","7","0","76","4.1","2","8.2","18","385","54","34","2","0","17","2"
"crm","CRM","5","192","136","6","0","50","4.2","2","8.9","9","428","36","29","1","0","11","1"
"project_management","Project management","5","42","38","1","0","3","2.6","0.5","13.2","3","348","9","8","0","0","1","0"
