type,statements,true,wrong,stale,unverifiable,wrong_or_stale_pct,wrong_or_stale_low,wrong_or_stale_high
"pricing","1034","539","76","4","415","12.9","10.5","15.8"
"plans","388","274","9","0","105","3.2","1.7","5.9"
"free_tier","90","61","8","0","21","11.6","6","21.2"
"founding","32","20","2","0","10","9.1","2.5","27.8"
"ownership","72","62","3","0","7","4.6","1.6","12.7"
"headquarters","3","2","0","0","1","0","0","65.8"
"product_names","395","289","4","1","101","1.7","0.7","3.9"
"integrations","391","292","2","0","97","0.7","0.2","2.4"
"platforms","435","348","7","0","80","2","1","4"
"certifications","12","7","0","0","5","0","0","35.4"
"customer_counts","44","20","2","0","22","9.1","2.5","27.8"
"acquisitions","23","8","0","0","15","0","0","32.4"
"discontinued","3","2","0","0","1","0","0","65.8"
