category_id,category,vendor,slug,named_answers,claims,statements,true,wrong,stale,unverifiable,wrong_or_stale,answers_with_wrong_or_stale,category_median_true,category_median_wrong,category_median_stale,category_median_unverifiable,category_median_wrong_or_stale
"construction-project-management","Construction project management software","Procore","procore","109","39","57","38","2","0","17","2","2","29","2","0","2","2"
"construction-project-management","Construction project management software","Buildertrend","buildertrend","83","50","65","15","0","0","50","0","0","29","2","0","2","2"
"construction-project-management","Construction project management software","Contractor Foreman","contractor-foreman","77","23","32","29","3","0","0","3","5","29","2","0","2","2"
"construction-project-management","Construction project management software","Fieldwire","fieldwire","57","25","33","31","0","0","2","0","0","29","2","0","2","2"
"construction-project-management","Construction project management software","JobTread","jobtread","50","24","30","25","4","0","1","4","5","29","2","0","2","2"
"dealership-management-systems","Dealership management systems","CDK Global","cdk-global","90","31","50","15","0","0","35","0","0","32","2","0","11","2"
"dealership-management-systems","Dealership management systems","DealerCenter","dealercenter","79","49","80","67","2","0","11","2","2","32","2","0","11","2"
"dealership-management-systems","Dealership management systems","Tekion","tekion","76","30","44","32","2","0","10","2","3","32","2","0","11","2"
"dealership-management-systems","Dealership management systems","Dealertrack","dealertrack","67","21","41","28","0","0","13","0","0","32","2","0","11","2"
"dealership-management-systems","Dealership management systems","Frazer","frazer","59","33","57","42","7","0","8","7","9","32","2","0","11","2"
"dental-practice-management","Dental practice management software","Dentrix","dentrix","120","30","50","25","1","0","24","1","1","24","1","0","10","1"
"dental-practice-management","Dental practice management software","Open Dental","open-dental","118","42","77","57","8","4","8","12","16","24","1","0","10","1"
"dental-practice-management","Dental practice management software","Curve Dental","curve-dental","115","17","27","16","1","0","10","1","2","24","1","0","10","1"
"dental-practice-management","Dental practice management software","Dentrix Ascend","dentrix-ascend","97","11","26","23","2","0","1","2","2","24","1","0","10","1"
"dental-practice-management","Dental practice management software","Eaglesoft","eaglesoft","69","28","41","24","1","0","16","1","1","24","1","0","10","1"
"field-service-management","Field service management software","Housecall Pro","housecall-pro","108","56","79","69","0","0","10","0","0","29","1","0","10","1"
"field-service-management","Field service management software","ServiceTitan","servicetitan","102","38","61","30","0","0","31","0","0","29","1","0","10","1"
"field-service-management","Field service management software","Workiz","workiz","58","30","37","20","2","0","15","2","2","29","1","0","10","1"
"field-service-management","Field service management software","FieldPulse","fieldpulse","57","15","23","18","1","0","4","1","2","29","1","0","10","1"
"field-service-management","Field service management software","Jobber","jobber","50","33","41","29","2","0","10","2","3","29","1","0","10","1"
"hotel-property-management","Hotel property management software","Cloudbeds","cloudbeds","115","29","40","31","1","0","8","1","3","26","0","0","7","0"
"hotel-property-management","Hotel property management software","Stayntouch","stayntouch","68","9","19","17","0","0","2","0","0","26","0","0","7","0"
"hotel-property-management","Hotel property management software","Little Hotelier","little-hotelier","51","20","27","19","1","0","7","1","3","26","0","0","7","0"
"hotel-property-management","Hotel property management software","Mews","mews","48","30","36","26","0","0","10","0","0","26","0","0","7","0"
"hotel-property-management","Hotel property management software","Maestro PMS","maestro-pms","43","17","31","26","0","0","5","0","0","26","0","0","7","0"
"insurance-agency-management","Insurance agency management systems","Applied Systems","applied-systems","127","18","34","13","0","0","21","0","0","22","1","0","21","1"
"insurance-agency-management","Insurance agency management systems","EZLynx","ezlynx","111","42","64","29","1","0","34","1","1","22","1","0","21","1"
"insurance-agency-management","Insurance agency management systems","HawkSoft","hawksoft","97","42","70","54","3","0","13","3","4","22","1","0","21","1"
"insurance-agency-management","Insurance agency management systems","Vertafore","vertafore","92","36","46","22","1","0","23","1","1","22","1","0","21","1"
"insurance-agency-management","Insurance agency management systems","NowCerts","nowcerts","48","23","30","21","1","0","8","1","2","22","1","0","21","1"
"legal-practice-management","Legal practice management software","Clio","clio","126","91","141","46","1","0","94","1","1","21","7","0","7","7"
"legal-practice-management","Legal practice management software","8am MyCase","8am-mycase","96","55","67","49","11","0","7","11","19","21","7","0","7","7"
"legal-practice-management","Legal practice management software","CosmoLex","cosmolex","77","28","38","21","14","0","3","14","21","21","7","0","7","7"
"legal-practice-management","Legal practice management software","PracticePanther","practicepanther","76","31","34","21","7","0","6","7","6","21","7","0","7","7"
"legal-practice-management","Legal practice management software","Filevine","filevine","74","15","20","12","1","0","7","1","3","21","7","0","7","7"
"loan-origination-software","Loan origination and lending software","nCino","ncino","92","17","33","21","0","0","12","0","0","8","0","0","8","0"
"loan-origination-software","Loan origination and lending software","MeridianLink","meridianlink","81","19","36","28","0","0","8","0","0","8","0","0","8","0"
"loan-origination-software","Loan origination and lending software","ICE Mortgage Technology","ice-mortgage-technology","62","14","23","7","0","1","15","1","1","8","0","0","8","0"
"loan-origination-software","Loan origination and lending software","Abrigo","abrigo","50","6","9","8","0","0","1","0","0","8","0","0","8","0"
"loan-origination-software","Loan origination and lending software","Baker Hill","baker-hill","36","5","10","5","0","0","5","0","0","8","0","0","8","0"
"radiology-medical-imaging","Radiology and medical imaging software","Sectra","sectra","87","16","29","19","0","0","10","0","0","24","0","0","7","0"
"radiology-medical-imaging","Radiology and medical imaging software","Intelerad","intelerad","80","20","36","24","0","0","12","0","0","24","0","0","7","0"
"radiology-medical-imaging","Radiology and medical imaging software","Visage Imaging","visage-imaging","65","23","32","25","0","0","7","0","0","24","0","0","7","0"
"radiology-medical-imaging","Radiology and medical imaging software","Fujifilm (Synapse)","fujifilm-synapse","51","11","19","18","0","0","1","0","0","24","0","0","7","0"
"radiology-medical-imaging","Radiology and medical imaging software","RamSoft","ramsoft","46","22","30","24","0","0","6","0","0","24","0","0","7","0"
"residential-property-management","Residential property management software","Buildium","buildium","119","83","138","88","3","0","47","3","6","52","3","0","11","3"
"residential-property-management","Residential property management software","AppFolio","appfolio","95","56","89","52","1","0","36","1","2","52","3","0","11","3"
"residential-property-management","Residential property management software","DoorLoop","doorloop","77","30","45","32","6","0","7","6","6","52","3","0","11","3"
"residential-property-management","Residential property management software","Yardi","yardi","71","45","86","72","3","0","11","3","2","52","3","0","11","3"
"residential-property-management","Residential property management software","Innago","innago","41","10","19","17","2","0","0","2","4","52","3","0","11","3"
"transportation-management-systems","Transportation management systems","AscendTMS","ascendtms","64","39","72","59","0","0","13","0","0","10","0","0","11","0"
"transportation-management-systems","Transportation management systems","Alvys","alvys","58","30","53","35","1","0","17","1","1","10","0","0","11","0"
"transportation-management-systems","Transportation management systems","Oracle Transportation Management","oracle-transportation-management","43","7","8","2","0","0","6","0","0","10","0","0","11","0"
"transportation-management-systems","Transportation management systems","Tai TMS","tai-tms","39","11","15","10","3","0","2","3","4","10","0","0","11","0"
"transportation-management-systems","Transportation management systems","SAP Transportation Management","sap-transportation-management","38","6","11","0","0","0","11","0","0","10","0","0","11","0"
"veterinary-practice-management","Veterinary practice management software","ezyVet","ezyvet","115","26","56","37","2","0","17","2","3","34","2","0","17","2"
"veterinary-practice-management","Veterinary practice management software","IDEXX (Cornerstone, Neo)","idexx-cornerstone-neo","90","33","64","39","1","0","24","1","1","34","2","0","17","2"
"veterinary-practice-management","Veterinary practice management software","Digitail","digitail","67","33","47","34","0","0","13","0","0","34","2","0","17","2"
"veterinary-practice-management","Veterinary practice management software","DaySmart Vet","daysmart-vet","57","15","26","20","2","0","4","2","11","34","2","0","17","2"
"veterinary-practice-management","Veterinary practice management software","Shepherd","shepherd","56","34","54","34","2","0","18","2","3","34","2","0","17","2"
"crm","CRM","HubSpot CRM","hubspot-crm","113","34","47","31","2","0","14","2","6","29","1","0","11","1"
"crm","CRM","Salesforce Sales Cloud","salesforce-sales-cloud","109","30","45","29","2","0","14","2","1","29","1","0","11","1"
"crm","CRM","Pipedrive","pipedrive","97","26","34","22","1","0","11","1","1","29","1","0","11","1"
"crm","CRM","Zoho CRM","zoho-crm","73","25","36","31","0","0","5","0","0","29","1","0","11","1"
"crm","CRM","Microsoft Dynamics 365","microsoft-dynamics-365","36","18","30","23","1","0","6","1","1","29","1","0","11","1"
"project_management","Project management","Asana","asana","97","8","9","8","1","0","0","1","3","8","0","0","1","0"
"project_management","Project management","ClickUp","clickup","80","6","6","6","0","0","0","0","0","8","0","0","1","0"
"project_management","Project management","Jira","jira","63","8","10","9","0","0","1","0","0","8","0","0","1","0"
"project_management","Project management","Wrike","wrike","54","8","8","7","0","0","1","0","0","8","0","0","1","0"
"project_management","Project management","Smartsheet","smartsheet","54","9","9","8","0","0","1","0","0","8","0","0","1","0"
